Workbook

Sheet Demand Projection
A1: No | B1: Produk | C1: Tanggal Order | D1: Jumlah
A2: 1 | B2: SKU PROD A | C2: 46025 | D2: 1000
A3: 2 | B3: SKU PROD B | C3: 46025 | D3: 6000
A4: 3 | B4: SKU PROD A | C4: 46026 | D4: 400
A5: 4 | B5: SKU PROD C | C5: 46027 | D5: 900
A6: 5 | B6: SKU PROD D | C6: 46028 | D6: 600
A7: 6 | B7: SKU PROD A | C7: 46029 | D7: 1000
A8: 7 | B8: SKU PROD C | C8: 46031 | D8: 500
A9: 8 | B9: SKU PROD E | C9: 46034 | D9: 400
A10: 9 | B10: SKU PROD B | C10: 46035 | D10: 600
A11: 10 | B11: SKU PROD D | C11: 46039 | D11: 900
A12: 11 | B12: SKU PROD C | C12: 46042 | D12: 800
A13: 12 | B13: SKU PROD A | C13: 46046 | D13: 1000
... A15: 14 | B15: SKU PROD E | C15: 46050 | D15: 2000
A16: 15 | B16: =B2 -> SKU PROD A | C16: =DATE(YEAR(C2),MONTH(C2)+1,DAY(C2)) -> 46056 | D16: =ROUNDUP(D2*IF(MONTH(C16)=2,IF(DAY(C16)<15,1.05,1.075),IF(MONTH(C16)=3,IF(DAY(C16)<20,0.98,1.015),IF(MONTH(C16)=4,IF(DAY(C16)<17,1.025,0.95),IF(MONTH(C16)=5,IF(DAY(C16)<22,0.95,1.05),IF(MONTH(C16)=6,0.95,IF(MONTH(C16)=7,IF(DAY(C16)<10,1.15,0.95),IF(MONTH(C16)=8,IF(DAY(C16)<25,0.85,1.03),IF(MONTH(C16)=9,IF(DAY(C16)<25,0.85,1.03),IF(MONTH(C16)=10,IF(DAY(C16)<11,0.9,0.95),IF(MONTH(C16)=11,IF(DAY(C16)<13,1.12,1.06),IF(MONTH(C16)=12,IF(DAY(C16)<10,1.06,1.12),1))))))))))),0) -> 1050
A17: 16 | B17: =B3 -> SKU PROD B | C17: =DATE(YEAR(C3),MONTH(C3)+1,DAY(C3)) -> 46056 | D17: =ROUNDUP(D3*IF(MONTH(C17)=2,IF(DAY(C17)<15,1.05,1.075),IF(MONTH(C17)=3,IF(DAY(C17)<20,0.98,1.015),IF(MONTH(C17)=4,IF(DAY(C17)<17,1.025,0.95),IF(MONTH(C17)=5,IF(DAY(C17)<22,0.95,1.05),IF(MONTH(C17)=6,0.95,IF(MONTH(C17)=7,IF(DAY(C17)<10,1.15,0.95),IF(MONTH(C17)=8,IF(DAY(C17)<25,0.85,1.03),IF(MONTH(C17)=9,IF(DAY(C17)<25,0.85,1.03),IF(MONTH(C17)=10,IF(DAY(C17)<11,0.9,0.95),IF(MONTH(C17)=11,IF(DAY(C17)<13,1.12,1.06),IF(MONTH(C17)=12,IF(DAY(C17)<10,1.06,1.12),1))))))))))),0) -> 6300
A18: 17 | B18: =B4 -> SKU PROD A | C18: =DATE(YEAR(C4),MONTH(C4)+1,DAY(C4)) -> 46057 | D18: =ROUNDUP(D4*IF(MONTH(C18)=2,IF(DAY(C18)<15,1.05,1.075),IF(MONTH(C18)=3,IF(DAY(C18)<20,0.98,1.015),IF(MONTH(C18)=4,IF(DAY(C18)<17,1.025,0.95),IF(MONTH(C18)=5,IF(DAY(C18)<22,0.95,1.05),IF(MONTH(C18)=6,0.95,IF(MONTH(C18)=7,IF(DAY(C18)<10,1.15,0.95),IF(MONTH(C18)=8,IF(DAY(C18)<25,0.85,1.03),IF(MONTH(C18)=9,IF(DAY(C18)<25,0.85,1.03),IF(MONTH(C18)=10,IF(DAY(C18)<11,0.9,0.95),IF(MONTH(C18)=11,IF(DAY(C18)<13,1.12,1.06),IF(MONTH(C18)=12,IF(DAY(C18)<10,1.06,1.12),1))))))))))),0) -> 420
A19: 18 | B19: =B5 -> SKU PROD C | C19: =DATE(YEAR(C5),MONTH(C5)+1,DAY(C5)) -> 46058 | D19: =ROUNDUP(D5*IF(MONTH(C19)=2,IF(DAY(C19)<15,1.05,1.075),IF(MONTH(C19)=3,IF(DAY(C19)<20,0.98,1.015),IF(MONTH(C19)=4,IF(DAY(C19)<17,1.025,0.95),IF(MONTH(C19)=5,IF(DAY(C19)<22,0.95,1.05),IF(MONTH(C19)=6,0.95,IF(MONTH(C19)=7,IF(DAY(C19)<10,1.15,0.95),IF(MONTH(C19)=8,IF(DAY(C19)<25,0.85,1.03),IF(MONTH(C19)=9,IF(DAY(C19)<25,0.85,1.03),IF(MONTH(C19)=10,IF(DAY(C19)<11,0.9,0.95),IF(MONTH(C19)=11,IF(DAY(C19)<13,1.12,1.06),IF(MONTH(C19)=12,IF(DAY(C19)<10,1.06,1.12),1))))))))))),0) -> 945
A20: 19 | B20: =B6 -> SKU PROD D | C20: =DATE(YEAR(C6),MONTH(C6)+1,DAY(C6)) -> 46059 | D20: =ROUNDUP(D6*IF(MONTH(C20)=2,IF(DAY(C20)<15,1.05,1.075),IF(MONTH(C20)=3,IF(DAY(C20)<20,0.98,1.015),IF(MONTH(C20)=4,IF(DAY(C20)<17,1.025,0.95),IF(MONTH(C20)=5,IF(DAY(C20)<22,0.95,1.05),IF(MONTH(C20)=6,0.95,IF(MONTH(C20)=7,IF(DAY(C20)<10,1.15,0.95),IF(MONTH(C20)=8,IF(DAY(C20)<25,0.85,1.03),IF(MONTH(C20)=9,IF(DAY(C20)<25,0.85,1.03),IF(MONTH(C20)=10,IF(DAY(C20)<11,0.9,0.95),IF(MONTH(C20)=11,IF(DAY(C20)<13,1.12,1.06),IF(MONTH(C20)=12,IF(DAY(C20)<10,1.06,1.12),1))))))))))),0) -> 630
A21: 20 | B21: =B7 -> SKU PROD A | C21: =DATE(YEAR(C7),MONTH(C7)+1,DAY(C7)) -> 46060 | D21: =ROUNDUP(D7*IF(MONTH(C21)=2,IF(DAY(C21)<15,1.05,1.075),IF(MONTH(C21)=3,IF(DAY(C21)<20,0.98,1.015),IF(MONTH(C21)=4,IF(DAY(C21)<17,1.025,0.95),IF(MONTH(C21)=5,IF(DAY(C21)<22,0.95,1.05),IF(MONTH(C21)=6,0.95,IF(MONTH(C21)=7,IF(DAY(C21)<10,1.15,0.95),IF(MONTH(C21)=8,IF(DAY(C21)<25,0.85,1.03),IF(MONTH(C21)=9,IF(DAY(C21)<25,0.85,1.03),IF(MONTH(C21)=10,IF(DAY(C21)<11,0.9,0.95),IF(MONTH(C21)=11,IF(DAY(C21)<13,1.12,1.06),IF(MONTH(C21)=12,IF(DAY(C21)<10,1.06,1.12),1))))))))))),0) -> 1050
A22: 21 | B22: =B8 -> SKU PROD C | C22: =DATE(YEAR(C8),MONTH(C8)+1,DAY(C8)) -> 46062 | D22: =ROUNDUP(D8*IF(MONTH(C22)=2,IF(DAY(C22)<15,1.05,1.075),IF(MONTH(C22)=3,IF(DAY(C22)<20,0.98,1.015),IF(MONTH(C22)=4,IF(DAY(C22)<17,1.025,0.95),IF(MONTH(C22)=5,IF(DAY(C22)<22,0.95,1.05),IF(MONTH(C22)=6,0.95,IF(MONTH(C22)=7,IF(DAY(C22)<10,1.15,0.95),IF(MONTH(C22)=8,IF(DAY(C22)<25,0.85,1.03),IF(MONTH(C22)=9,IF(DAY(C22)<25,0.85,1.03),IF(MONTH(C22)=10,IF(DAY(C22)<11,0.9,0.95),IF(MONTH(C22)=11,IF(DAY(C22)<13,1.12,1.06),IF(MONTH(C22)=12,IF(DAY(C22)<10,1.06,1.12),1))))))))))),0) -> 525
A23: 22 | B23: =B9 -> SKU PROD E | C23: =DATE(YEAR(C9),MONTH(C9)+1,DAY(C9)) -> 46065 | D23: =ROUNDUP(D9*IF(MONTH(C23)=2,IF(DAY(C23)<15,1.05,1.075),IF(MONTH(C23)=3,IF(DAY(C23)<20,0.98,1.015),IF(MONTH(C23)=4,IF(DAY(C23)<17,1.025,0.95),IF(MONTH(C23)=5,IF(DAY(C23)<22,0.95,1.05),IF(MONTH(C23)=6,0.95,IF(MONTH(C23)=7,IF(DAY(C23)<10,1.15,0.95),IF(MONTH(C23)=8,IF(DAY(C23)<25,0.85,1.03),IF(MONTH(C23)=9,IF(DAY(C23)<25,0.85,1.03),IF(MONTH(C23)=10,IF(DAY(C23)<11,0.9,0.95),IF(MONTH(C23)=11,IF(DAY(C23)<13,1.12,1.06),IF(MONTH(C23)=12,IF(DAY(C23)<10,1.06,1.12),1))))))))))),0) -> 420
A24: 23 | B24: =B10 -> SKU PROD B | C24: =DATE(YEAR(C10),MONTH(C10)+1,DAY(C10)) -> 46066 | D24: =ROUNDUP(D10*IF(MONTH(C24)=2,IF(DAY(C24)<15,1.05,1.075),IF(MONTH(C24)=3,IF(DAY(C24)<20,0.98,1.015),IF(MONTH(C24)=4,IF(DAY(C24)<17,1.025,0.95),IF(MONTH(C24)=5,IF(DAY(C24)<22,0.95,1.05),IF(MONTH(C24)=6,0.95,IF(MONTH(C24)=7,IF(DAY(C24)<10,1.15,0.95),IF(MONTH(C24)=8,IF(DAY(C24)<25,0.85,1.03),IF(MONTH(C24)=9,IF(DAY(C24)<25,0.85,1.03),IF(MONTH(C24)=10,IF(DAY(C24)<11,0.9,0.95),IF(MONTH(C24)=11,IF(DAY(C24)<13,1.12,1.06),IF(MONTH(C24)=12,IF(DAY(C24)<10,1.06,1.12),1))))))))))),0) -> 630
A25: 24 | B25: =B11 -> SKU PROD D | C25: =DATE(YEAR(C11),MONTH(C11)+1,DAY(C11)) -> 46070 | D25: =ROUNDUP(D11*IF(MONTH(C25)=2,IF(DAY(C25)<15,1.05,1.075),IF(MONTH(C25)=3,IF(DAY(C25)<20,0.98,1.015),IF(MONTH(C25)=4,IF(DAY(C25)<17,1.025,0.95),IF(MONTH(C25)=5,IF(DAY(C25)<22,0.95,1.05),IF(MONTH(C25)=6,0.95,IF(MONTH(C25)=7,IF(DAY(C25)<10,1.15,0.95),IF(MONTH(C25)=8,IF(DAY(C25)<25,0.85,1.03),IF(MONTH(C25)=9,IF(DAY(C25)<25,0.85,1.03),IF(MONTH(C25)=10,IF(DAY(C25)<11,0.9,0.95),IF(MONTH(C25)=11,IF(DAY(C25)<13,1.12,1.06),IF(MONTH(C25)=12,IF(DAY(C25)<10,1.06,1.12),1))))))))))),0) -> 968
A26: 25 | B26: =B12 -> SKU PROD C | C26: =DATE(YEAR(C12),MONTH(C12)+1,DAY(C12)) -> 46073 | D26: =ROUNDUP(D12*IF(MONTH(C26)=2,IF(DAY(C26)<15,1.05,1.075),IF(MONTH(C26)=3,IF(DAY(C26)<20,0.98,1.015),IF(MONTH(C26)=4,IF(DAY(C26)<17,1.025,0.95),IF(MONTH(C26)=5,IF(DAY(C26)<22,0.95,1.05),IF(MONTH(C26)=6,0.95,IF(MONTH(C26)=7,IF(DAY(C26)<10,1.15,0.95),IF(MONTH(C26)=8,IF(DAY(C26)<25,0.85,1.03),IF(MONTH(C26)=9,IF(DAY(C26)<25,0.85,1.03),IF(MONTH(C26)=10,IF(DAY(C26)<11,0.9,0.95),IF(MONTH(C26)=11,IF(DAY(C26)<13,1.12,1.06),IF(MONTH(C26)=12,IF(DAY(C26)<10,1.06,1.12),1))))))))))),0) -> 860
A27: 26 | B27: =B13 -> SKU PROD A | C27: =DATE(YEAR(C13),MONTH(C13)+1,DAY(C13)) -> 46077 | D27: =ROUNDUP(D13*IF(MONTH(C27)=2,IF(DAY(C27)<15,1.05,1.075),IF(MONTH(C27)=3,IF(DAY(C27)<20,0.98,1.015),IF(MONTH(C27)=4,IF(DAY(C27)<17,1.025,0.95),IF(MONTH(C27)=5,IF(DAY(C27)<22,0.95,1.05),IF(MONTH(C27)=6,0.95,IF(MONTH(C27)=7,IF(DAY(C27)<10,1.15,0.95),IF(MONTH(C27)=8,IF(DAY(C27)<25,0.85,1.03),IF(MONTH(C27)=9,IF(DAY(C27)<25,0.85,1.03),IF(MONTH(C27)=10,IF(DAY(C27)<11,0.9,0.95),IF(MONTH(C27)=11,IF(DAY(C27)<13,1.12,1.06),IF(MONTH(C27)=12,IF(DAY(C27)<10,1.06,1.12),1))))))))))),0) -> 1075
... A169: 168 | B169: =B155 -> SKU PROD E | C169: =DATE(YEAR(C155),MONTH(C155)+1,DAY(C155)) -> 46384 | D169: =ROUNDUP(D155*IF(MONTH(C169)=2,IF(DAY(C169)<15,1.05,1.075),IF(MONTH(C169)=3,IF(DAY(C169)<20,0.98,1.015),IF(MONTH(C169)=4,IF(DAY(C169)<17,1.025,0.95),IF(MONTH(C169)=5,IF(DAY(C169)<22,0.95,1.05),IF(MONTH(C169)=6,0.95,IF(MONTH(C169)=7,IF(DAY(C169)<10,1.15,0.95),IF(MONTH(C169)=8,IF(DAY(C169)<25,0.85,1.03),IF(MONTH(C169)=9,IF(DAY(C169)<25,0.85,1.03),IF(MONTH(C169)=10,IF(DAY(C169)<11,0.9,0.95),IF(MONTH(C169)=11,IF(DAY(C169)<13,1.12,1.06),IF(MONTH(C169)=12,IF(DAY(C169)<10,1.06,1.12),1))))))))))),0) -> 2357

Sheet Warehouse
A1: # | B1: Item / SKU | C1: Date | D1: Stock Qty | E1: Status | F1: Arrival Date | G1: Kapasitas Gudang
A2: 1 | B2: SKU PROD A | C2: 46023 | D2: 2200 | E2: Initial Stock | F2: =C2 -> 46023 | G2: =ROUND((SUMIFS($D$2:$D$70,$B$2:$B$70,Capacity!$A$3,$F$2:$F$70,"<="&F2)-SUMIFS('Demand Projection'!$D$2:$D$169,'Demand Projection'!$B$2:$B$169,Capacity!$A$3,'Demand Projection'!$C$2:$C$169,"<="&F2))/Capacity!$B$3+(SUMIFS($D$2:$D$70,$B$2:$B$70,Capacity!$A$4,$F$2:$F$70,"<="&F2)-SUMIFS('Demand Projection'!$D$2:$D$169,'Demand Projection'!$B$2:$B$169,Capacity!$A$4,'Demand Projection'!$C$2:$C$169,"<="&F2))/Capacity!$B$4+(SUMIFS($D$2:$D$70,$B$2:$B$70,Capacity!$A$5,$F$2:$F$70,"<="&F2)-SUMIFS('Demand Projection'!$D$2:$D$169,'Demand Projection'!$B$2:$B$169,Capacity!$A$5,'Demand Projection'!$C$2:$C$169,"<="&F2))/Capacity!$B$5+(SUMIFS($D$2:$D$70,$B$2:$B$70,Capacity!$A$6,$F$2:$F$70,"<="&F2)-SUMIFS('Demand Projection'!$D$2:$D$169,'Demand Projection'!$B$2:$B$169,Capacity!$A$6,'Demand Projection'!$C$2:$C$169,"<="&F2))/Capacity!$B$6+(SUMIFS($D$2:$D$70,$B$2:$B$70,Capacity!$A$7,$F$2:$F$70,"<="&F2)-SUMIFS('Demand Projection'!$D$2:$D$169,'Demand Projection'!$B$2:$B$169,Capacity!$A$7,'Demand Projection'!$C$2:$C$169,"<="&F2))/Capacity!$B$7,2) -> 1.21
A3: 2 | B3: SKU PROD B | C3: 46023 | D3: 8000 | E3: Initial Stock | F3: =C3 -> 46023 | G3: =ROUND((SUMIFS($D$2:$D$70,$B$2:$B$70,Capacity!$A$3,$F$2:$F$70,"<="&F3)-SUMIFS('Demand Projection'!$D$2:$D$169,'Demand Projection'!$B$2:$B$169,Capacity!$A$3,'Demand Projection'!$C$2:$C$169,"<="&F3))/Capacity!$B$3+(SUMIFS($D$2:$D$70,$B$2:$B$70,Capacity!$A$4,$F$2:$F$70,"<="&F3)-SUMIFS('Demand Projection'!$D$2:$D$169,'Demand Projection'!$B$2:$B$169,Capacity!$A$4,'Demand Projection'!$C$2:$C$169,"<="&F3))/Capacity!$B$4+(SUMIFS($D$2:$D$70,$B$2:$B$70,Capacity!$A$5,$F$2:$F$70,"<="&F3)-SUMIFS('Demand Projection'!$D$2:$D$169,'Demand Projection'!$B$2:$B$169,Capacity!$A$5,'Demand Projection'!$C$2:$C$169,"<="&F3))/Capacity!$B$5+(SUMIFS($D$2:$D$70,$B$2:$B$70,Capacity!$A$6,$F$2:$F$70,"<="&F3)-SUMIFS('Demand Projection'!$D$2:$D$169,'Demand Projection'!$B$2:$B$169,Capacity!$A$6,'Demand Projection'!$C$2:$C$169,"<="&F3))/Capacity!$B$6+(SUMIFS($D$2:$D$70,$B$2:$B$70,Capacity!$A$7,$F$2:$F$70,"<="&F3)-SUMIFS('Demand Projection'!$D$2:$D$169,'Demand Projection'!$B$2:$B$169,Capacity!$A$7,'Demand Projection'!$C$2:$C$169,"<="&F3))/Capacity!$B$7,2) -> 1.21
A4: 3 | B4: SKU PROD C | C4: 46023 | D4: 1700 | E4: Initial Stock | F4: =C4 -> 46023 | G4: =ROUND((SUMIFS($D$2:$D$70,$B$2:$B$70,Capacity!$A$3,$F$2:$F$70,"<="&F4)-SUMIFS('Demand Projection'!$D$2:$D$169,'Demand Projection'!$B$2:$B$169,Capacity!$A$3,'Demand Projection'!$C$2:$C$169,"<="&F4))/Capacity!$B$3+(SUMIFS($D$2:$D$70,$B$2:$B$70,Capacity!$A$4,$F$2:$F$70,"<="&F4)-SUMIFS('Demand Projection'!$D$2:$D$169,'Demand Projection'!$B$2:$B$169,Capacity!$A$4,'Demand Projection'!$C$2:$C$169,"<="&F4))/Capacity!$B$4+(SUMIFS($D$2:$D$70,$B$2:$B$70,Capacity!$A$5,$F$2:$F$70,"<="&F4)-SUMIFS('Demand Projection'!$D$2:$D$169,'Demand Projection'!$B$2:$B$169,Capacity!$A$5,'Demand Projection'!$C$2:$C$169,"<="&F4))/Capacity!$B$5+(SUMIFS($D$2:$D$70,$B$2:$B$70,Capacity!$A$6,$F$2:$F$70,"<="&F4)-SUMIFS('Demand Projection'!$D$2:$D$169,'Demand Projection'!$B$2:$B$169,Capacity!$A$6,'Demand Projection'!$C$2:$C$169,"<="&F4))/Capacity!$B$6+(SUMIFS($D$2:$D$70,$B$2:$B$70,Capacity!$A$7,$F$2:$F$70,"<="&F4)-SUMIFS('Demand Projection'!$D$2:$D$169,'Demand Projection'!$B$2:$B$169,Capacity!$A$7,'Demand Projection'!$C$2:$C$169,"<="&F4))/Capacity!$B$7,2) -> 1.21
A5: 4 | B5: SKU PROD D | C5: 46023 | D5: 3500 | E5: Initial Stock | F5: =C5 -> 46023 | G5: =ROUND((SUMIFS($D$2:$D$70,$B$2:$B$70,Capacity!$A$3,$F$2:$F$70,"<="&F5)-SUMIFS('Demand Projection'!$D$2:$D$169,'Demand Projection'!$B$2:$B$169,Capacity!$A$3,'Demand Projection'!$C$2:$C$169,"<="&F5))/Capacity!$B$3+(SUMIFS($D$2:$D$70,$B$2:$B$70,Capacity!$A$4,$F$2:$F$70,"<="&F5)-SUMIFS('Demand Projection'!$D$2:$D$169,'Demand Projection'!$B$2:$B$169,Capacity!$A$4,'Demand Projection'!$C$2:$C$169,"<="&F5))/Capacity!$B$4+(SUMIFS($D$2:$D$70,$B$2:$B$70,Capacity!$A$5,$F$2:$F$70,"<="&F5)-SUMIFS('Demand Projection'!$D$2:$D$169,'Demand Projection'!$B$2:$B$169,Capacity!$A$5,'Demand Projection'!$C$2:$C$169,"<="&F5))/Capacity!$B$5+(SUMIFS($D$2:$D$70,$B$2:$B$70,Capacity!$A$6,$F$2:$F$70,"<="&F5)-SUMIFS('Demand Projection'!$D$2:$D$169,'Demand Projection'!$B$2:$B$169,Capacity!$A$6,'Demand Projection'!$C$2:$C$169,"<="&F5))/Capacity!$B$6+(SUMIFS($D$2:$D$70,$B$2:$B$70,Capacity!$A$7,$F$2:$F$70,"<="&F5)-SUMIFS('Demand Projection'!$D$2:$D$169,'Demand Projection'!$B$2:$B$169,Capacity!$A$7,'Demand Projection'!$C$2:$C$169,"<="&F5))/Capacity!$B$7,2) -> 1.21
A6: 5 | B6: SKU PROD E | C6: 46023 | D6: 2300 | E6: Initial Stock | F6: =C6 -> 46023 | G6: =ROUND((SUMIFS($D$2:$D$70,$B$2:$B$70,Capacity!$A$3,$F$2:$F$70,"<="&F6)-SUMIFS('Demand Projection'!$D$2:$D$169,'Demand Projection'!$B$2:$B$169,Capacity!$A$3,'Demand Projection'!$C$2:$C$169,"<="&F6))/Capacity!$B$3+(SUMIFS($D$2:$D$70,$B$2:$B$70,Capacity!$A$4,$F$2:$F$70,"<="&F6)-SUMIFS('Demand Projection'!$D$2:$D$169,'Demand Projection'!$B$2:$B$169,Capacity!$A$4,'Demand Projection'!$C$2:$C$169,"<="&F6))/Capacity!$B$4+(SUMIFS($D$2:$D$70,$B$2:$B$70,Capacity!$A$5,$F$2:$F$70,"<="&F6)-SUMIFS('Demand Projection'!$D$2:$D$169,'Demand Projection'!$B$2:$B$169,Capacity!$A$5,'Demand Projection'!$C$2:$C$169,"<="&F6))/Capacity!$B$5+(SUMIFS($D$2:$D$70,$B$2:$B$70,Capacity!$A$6,$F$2:$F$70,"<="&F6)-SUMIFS('Demand Projection'!$D$2:$D$169,'Demand Projection'!$B$2:$B$169,Capacity!$A$6,'Demand Projection'!$C$2:$C$169,"<="&F6))/Capacity!$B$6+(SUMIFS($D$2:$D$70,$B$2:$B$70,Capacity!$A$7,$F$2:$F$70,"<="&F6)-SUMIFS('Demand Projection'!$D$2:$D$169,'Demand Projection'!$B$2:$B$169,Capacity!$A$7,'Demand Projection'!$C$2:$C$169,"<="&F6))/Capacity!$B$7,2) -> 1.21
A7: 6 | B7: =INDEX(Helper!$B$2:$B$169,MATCH(A7-5,Helper!$K$2:$K$169,0)) -> SKU PROD A | C7: =INDEX(Helper!$C$2:$C$169,MATCH(A7-5,Helper!$K$2:$K$169,0)) -> 46029 | D7: =INDEX(Helper!$I$2:$I$169,MATCH(A7-5,Helper!$K$2:$K$169,0)) -> 2832 | E7: Reorder | F7: =C7+3 -> 46032 | G7: =ROUND((SUMIFS($D$2:$D$70,$B$2:$B$70,Capacity!$A$3,$F$2:$F$70,"<="&F7)-SUMIFS('Demand Projection'!$D$2:$D$169,'Demand Projection'!$B$2:$B$169,Capacity!$A$3,'Demand Projection'!$C$2:$C$169,"<="&F7))/Capacity!$B$3+(SUMIFS($D$2:$D$70,$B$2:$B$70,Capacity!$A$4,$F$2:$F$70,"<="&F7)-SUMIFS('Demand Projection'!$D$2:$D$169,'Demand Projection'!$B$2:$B$169,Capacity!$A$4,'Demand Projection'!$C$2:$C$169,"<="&F7))/Capacity!$B$4+(SUMIFS($D$2:$D$70,$B$2:$B$70,Capacity!$A$5,$F$2:$F$70,"<="&F7)-SUMIFS('Demand Projection'!$D$2:$D$169,'Demand Projection'!$B$2:$B$169,Capacity!$A$5,'Demand Projection'!$C$2:$C$169,"<="&F7))/Capacity!$B$5+(SUMIFS($D$2:$D$70,$B$2:$B$70,Capacity!$A$6,$F$2:$F$70,"<="&F7)-SUMIFS('Demand Projection'!$D$2:$D$169,'Demand Projection'!$B$2:$B$169,Capacity!$A$6,'Demand Projection'!$C$2:$C$169,"<="&F7))/Capacity!$B$6+(SUMIFS($D$2:$D$70,$B$2:$B$70,Capacity!$A$7,$F$2:$F$70,"<="&F7)-SUMIFS('Demand Projection'!$D$2:$D$169,'Demand Projection'!$B$2:$B$169,Capacity!$A$7,'Demand Projection'!$C$2:$C$169,"<="&F7))/Capacity!$B$7,2) -> 0.84
A8: 7 | B8: =INDEX(Helper!$B$2:$B$169,MATCH(A8-5,Helper!$K$2:$K$169,0)) -> SKU PROD C | C8: =INDEX(Helper!$C$2:$C$169,MATCH(A8-5,Helper!$K$2:$K$169,0)) -> 46031 | D8: =INDEX(Helper!$I$2:$I$169,MATCH(A8-5,Helper!$K$2:$K$169,0)) -> 1237 | E8: Reorder | F8: =C8+3 -> 46034 | G8: =ROUND((SUMIFS($D$2:$D$70,$B$2:$B$70,Capacity!$A$3,$F$2:$F$70,"<="&F8)-SUMIFS('Demand Projection'!$D$2:$D$169,'Demand Projection'!$B$2:$B$169,Capacity!$A$3,'Demand Projection'!$C$2:$C$169,"<="&F8))/Capacity!$B$3+(SUMIFS($D$2:$D$70,$B$2:$B$70,Capacity!$A$4,$F$2:$F$70,"<="&F8)-SUMIFS('Demand Projection'!$D$2:$D$169,'Demand Projection'!$B$2:$B$169,Capacity!$A$4,'Demand Projection'!$C$2:$C$169,"<="&F8))/Capacity!$B$4+(SUMIFS($D$2:$D$70,$B$2:$B$70,Capacity!$A$5,$F$2:$F$70,"<="&F8)-SUMIFS('Demand Projection'!$D$2:$D$169,'Demand Projection'!$B$2:$B$169,Capacity!$A$5,'Demand Projection'!$C$2:$C$169,"<="&F8))/Capacity!$B$5+(SUMIFS($D$2:$D$70,$B$2:$B$70,Capacity!$A$6,$F$2:$F$70,"<="&F8)-SUMIFS('Demand Projection'!$D$2:$D$169,'Demand Projection'!$B$2:$B$169,Capacity!$A$6,'Demand Projection'!$C$2:$C$169,"<="&F8))/Capacity!$B$6+(SUMIFS($D$2:$D$70,$B$2:$B$70,Capacity!$A$7,$F$2:$F$70,"<="&F8)-SUMIFS('Demand Projection'!$D$2:$D$169,'Demand Projection'!$B$2:$B$169,Capacity!$A$7,'Demand Projection'!$C$2:$C$169,"<="&F8))/Capacity!$B$7,2) -> 0.91
A9: 8 | B9: =INDEX(Helper!$B$2:$B$169,MATCH(A9-5,Helper!$K$2:$K$169,0)) -> SKU PROD D | C9: =INDEX(Helper!$C$2:$C$169,MATCH(A9-5,Helper!$K$2:$K$169,0)) -> 46050 | D9: =INDEX(Helper!$I$2:$I$169,MATCH(A9-5,Helper!$K$2:$K$169,0)) -> 4532 | E9: Reorder | F9: =C9+3 -> 46053 | G9: =ROUND((SUMIFS($D$2:$D$70,$B$2:$B$70,Capacity!$A$3,$F$2:$F$70,"<="&F9)-SUMIFS('Demand Projection'!$D$2:$D$169,'Demand Projection'!$B$2:$B$169,Capacity!$A$3,'Demand Projection'!$C$2:$C$169,"<="&F9))/Capacity!$B$3+(SUMIFS($D$2:$D$70,$B$2:$B$70,Capacity!$A$4,$F$2:$F$70,"<="&F9)-SUMIFS('Demand Projection'!$D$2:$D$169,'Demand Projection'!$B$2:$B$169,Capacity!$A$4,'Demand Projection'!$C$2:$C$169,"<="&F9))/Capacity!$B$4+(SUMIFS($D$2:$D$70,$B$2:$B$70,Capacity!$A$5,$F$2:$F$70,"<="&F9)-SUMIFS('Demand Projection'!$D$2:$D$169,'Demand Projection'!$B$2:$B$169,Capacity!$A$5,'Demand Projection'!$C$2:$C$169,"<="&F9))/Capacity!$B$5+(SUMIFS($D$2:$D$70,$B$2:$B$70,Capacity!$A$6,$F$2:$F$70,"<="&F9)-SUMIFS('Demand Projection'!$D$2:$D$169,'Demand Projection'!$B$2:$B$169,Capacity!$A$6,'Demand Projection'!$C$2:$C$169,"<="&F9))/Capacity!$B$6+(SUMIFS($D$2:$D$70,$B$2:$B$70,Capacity!$A$7,$F$2:$F$70,"<="&F9)-SUMIFS('Demand Projection'!$D$2:$D$169,'Demand Projection'!$B$2:$B$169,Capacity!$A$7,'Demand Projection'!$C$2:$C$169,"<="&F9))/Capacity!$B$7,2) -> 0.83
A10: 9 | B10: =INDEX(Helper!$B$2:$B$169,MATCH(A10-5,Helper!$K$2:$K$169,0)) -> SKU PROD E | C10: =INDEX(Helper!$C$2:$C$169,MATCH(A10-5,Helper!$K$2:$K$169,0)) -> 46050 | D10: =INDEX(Helper!$I$2:$I$169,MATCH(A10-5,Helper!$K$2:$K$169,0)) -> 2457 | E10: Reorder | F10: =C10+3 -> 46053 | G10: =ROUND((SUMIFS($D$2:$D$70,$B$2:$B$70,Capacity!$A$3,$F$2:$F$70,"<="&F10)-SUMIFS('Demand Projection'!$D$2:$D$169,'Demand Projection'!$B$2:$B$169,Capacity!$A$3,'Demand Projection'!$C$2:$C$169,"<="&F10))/Capacity!$B$3+(SUMIFS($D$2:$D$70,$B$2:$B$70,Capacity!$A$4,$F$2:$F$70,"<="&F10)-SUMIFS('Demand Projection'!$D$2:$D$169,'Demand Projection'!$B$2:$B$169,Capacity!$A$4,'Demand Projection'!$C$2:$C$169,"<="&F10))/Capacity!$B$4+(SUMIFS($D$2:$D$70,$B$2:$B$70,Capacity!$A$5,$F$2:$F$70,"<="&F10)-SUMIFS('Demand Projection'!$D$2:$D$169,'Demand Projection'!$B$2:$B$169,Capacity!$A$5,'Demand Projection'!$C$2:$C$169,"<="&F10))/Capacity!$B$5+(SUMIFS($D$2:$D$70,$B$2:$B$70,Capacity!$A$6,$F$2:$F$70,"<="&F10)-SUMIFS('Demand Projection'!$D$2:$D$169,'Demand Projection'!$B$2:$B$169,Capacity!$A$6,'Demand Projection'!$C$2:$C$169,"<="&F10))/Capacity!$B$6+(SUMIFS($D$2:$D$70,$B$2:$B$70,Capacity!$A$7,$F$2:$F$70,"<="&F10)-SUMIFS('Demand Projection'!$D$2:$D$169,'Demand Projection'!$B$2:$B$169,Capacity!$A$7,'Demand Projection'!$C$2:$C$169,"<="&F10))/Capacity!$B$7,2) -> 0.83
A11: 10 | B11: =INDEX(Helper!$B$2:$B$169,MATCH(A11-5,Helper!$K$2:$K$169,0)) -> SKU PROD A | C11: =INDEX(Helper!$C$2:$C$169,MATCH(A11-5,Helper!$K$2:$K$169,0)) -> 46056 | D11: =INDEX(Helper!$I$2:$I$169,MATCH(A11-5,Helper!$K$2:$K$169,0)) -> 2050 | E11: Reorder | F11: =C11+3 -> 46059 | G11: =ROUND((SUMIFS($D$2:$D$70,$B$2:$B$70,Capacity!$A$3,$F$2:$F$70,"<="&F11)-SUMIFS('Demand Projection'!$D$2:$D$169,'Demand Projection'!$B$2:$B$169,Capacity!$A$3,'Demand Projection'!$C$2:$C$169,"<="&F11))/Capacity!$B$3+(SUMIFS($D$2:$D$70,$B$2:$B$70,Capacity!$A$4,$F$2:$F$70,"<="&F11)-SUMIFS('Demand Projection'!$D$2:$D$169,'Demand Projection'!$B$2:$B$169,Capacity!$A$4,'Demand Projection'!$C$2:$C$169,"<="&F11))/Capacity!$B$4+(SUMIFS($D$2:$D$70,$B$2:$B$70,Capacity!$A$5,$F$2:$F$70,"<="&F11)-SUMIFS('Demand Projection'!$D$2:$D$169,'Demand Projection'!$B$2:$B$169,Capacity!$A$5,'Demand Projection'!$C$2:$C$169,"<="&F11))/Capacity!$B$5+(SUMIFS($D$2:$D$70,$B$2:$B$70,Capacity!$A$6,$F$2:$F$70,"<="&F11)-SUMIFS('Demand Projection'!$D$2:$D$169,'Demand Projection'!$B$2:$B$169,Capacity!$A$6,'Demand Projection'!$C$2:$C$169,"<="&F11))/Capacity!$B$6+(SUMIFS($D$2:$D$70,$B$2:$B$70,Capacity!$A$7,$F$2:$F$70,"<="&F11)-SUMIFS('Demand Projection'!$D$2:$D$169,'Demand Projection'!$B$2:$B$169,Capacity!$A$7,'Demand Projection'!$C$2:$C$169,"<="&F11))/Capacity!$B$7,2) -> 0.95
A12: 11 | B12: =INDEX(Helper!$B$2:$B$169,MATCH(A12-5,Helper!$K$2:$K$169,0)) -> SKU PROD B | C12: =INDEX(Helper!$C$2:$C$169,MATCH(A12-5,Helper!$K$2:$K$169,0)) -> 46056 | D12: =INDEX(Helper!$I$2:$I$169,MATCH(A12-5,Helper!$K$2:$K$169,0)) -> 11470 | E12: Reorder | F12: =C12+3 -> 46059 | G12: =ROUND((SUMIFS($D$2:$D$70,$B$2:$B$70,Capacity!$A$3,$F$2:$F$70,"<="&F12)-SUMIFS('Demand Projection'!$D$2:$D$169,'Demand Projection'!$B$2:$B$169,Capacity!$A$3,'Demand Projection'!$C$2:$C$169,"<="&F12))/Capacity!$B$3+(SUMIFS($D$2:$D$70,$B$2:$B$70,Capacity!$A$4,$F$2:$F$70,"<="&F12)-SUMIFS('Demand Projection'!$D$2:$D$169,'Demand Projection'!$B$2:$B$169,Capacity!$A$4,'Demand Projection'!$C$2:$C$169,"<="&F12))/Capacity!$B$4+(SUMIFS($D$2:$D$70,$B$2:$B$70,Capacity!$A$5,$F$2:$F$70,"<="&F12)-SUMIFS('Demand Projection'!$D$2:$D$169,'Demand Projection'!$B$2:$B$169,Capacity!$A$5,'Demand Projection'!$C$2:$C$169,"<="&F12))/Capacity!$B$5+(SUMIFS($D$2:$D$70,$B$2:$B$70,Capacity!$A$6,$F$2:$F$70,"<="&F12)-SUMIFS('Demand Projection'!$D$2:$D$169,'Demand Projection'!$B$2:$B$169,Capacity!$A$6,'Demand Projection'!$C$2:$C$169,"<="&F12))/Capacity!$B$6+(SUMIFS($D$2:$D$70,$B$2:$B$70,Capacity!$A$7,$F$2:$F$70,"<="&F12)-SUMIFS('Demand Projection'!$D$2:$D$169,'Demand Projection'!$B$2:$B$169,Capacity!$A$7,'Demand Projection'!$C$2:$C$169,"<="&F12))/Capacity!$B$7,2) -> 0.95
A13: 12 | B13: =INDEX(Helper!$B$2:$B$169,MATCH(A13-5,Helper!$K$2:$K$169,0)) -> SKU PROD A | C13: =INDEX(Helper!$C$2:$C$169,MATCH(A13-5,Helper!$K$2:$K$169,0)) -> 46057 | D13: =INDEX(Helper!$I$2:$I$169,MATCH(A13-5,Helper!$K$2:$K$169,0)) -> 2470 | E13: Reorder | F13: =C13+3 -> 46060 | G13: =ROUND((SUMIFS($D$2:$D$70,$B$2:$B$70,Capacity!$A$3,$F$2:$F$70,"<="&F13)-SUMIFS('Demand Projection'!$D$2:$D$169,'Demand Projection'!$B$2:$B$169,Capacity!$A$3,'Demand Projection'!$C$2:$C$169,"<="&F13))/Capacity!$B$3+(SUMIFS($D$2:$D$70,$B$2:$B$70,Capacity!$A$4,$F$2:$F$70,"<="&F13)-SUMIFS('Demand Projection'!$D$2:$D$169,'Demand Projection'!$B$2:$B$169,Capacity!$A$4,'Demand Projection'!$C$2:$C$169,"<="&F13))/Capacity!$B$4+(SUMIFS($D$2:$D$70,$B$2:$B$70,Capacity!$A$5,$F$2:$F$70,"<="&F13)-SUMIFS('Demand Projection'!$D$2:$D$169,'Demand Projection'!$B$2:$B$169,Capacity!$A$5,'Demand Projection'!$C$2:$C$169,"<="&F13))/Capacity!$B$5+(SUMIFS($D$2:$D$70,$B$2:$B$70,Capacity!$A$6,$F$2:$F$70,"<="&F13)-SUMIFS('Demand Projection'!$D$2:$D$169,'Demand Projection'!$B$2:$B$169,Capacity!$A$6,'Demand Projection'!$C$2:$C$169,"<="&F13))/Capacity!$B$6+(SUMIFS($D$2:$D$70,$B$2:$B$70,Capacity!$A$7,$F$2:$F$70,"<="&F13)-SUMIFS('Demand Projection'!$D$2:$D$169,'Demand Projection'!$B$2:$B$169,Capacity!$A$7,'Demand Projection'!$C$2:$C$169,"<="&F13))/Capacity!$B$7,2) -> 1.1
A14: 13 | B14: =INDEX(Helper!$B$2:$B$169,MATCH(A14-5,Helper!$K$2:$K$169,0)) -> SKU PROD C | C14: =INDEX(Helper!$C$2:$C$169,MATCH(A14-5,Helper!$K$2:$K$169,0)) -> 46058 | D14: =INDEX(Helper!$I$2:$I$169,MATCH(A14-5,Helper!$K$2:$K$169,0)) -> 1745 | E14: Reorder | F14: =C14+3 -> 46061 | G14: =ROUND((SUMIFS($D$2:$D$70,$B$2:$B$70,Capacity!$A$3,$F$2:$F$70,"<="&F14)-SUMIFS('Demand Projection'!$D$2:$D$169,'Demand Projection'!$B$2:$B$169,Capacity!$A$3,'Demand Projection'!$C$2:$C$169,"<="&F14))/Capacity!$B$3+(SUMIFS($D$2:$D$70,$B$2:$B$70,Capacity!$A$4,$F$2:$F$70,"<="&F14)-SUMIFS('Demand Projection'!$D$2:$D$169,'Demand Projection'!$B$2:$B$169,Capacity!$A$4,'Demand Projection'!$C$2:$C$169,"<="&F14))/Capacity!$B$4+(SUMIFS($D$2:$D$70,$B$2:$B$70,Capacity!$A$5,$F$2:$F$70,"<="&F14)-SUMIFS('Demand Projection'!$D$2:$D$169,'Demand Projection'!$B$2:$B$169,Capacity!$A$5,'Demand Projection'!$C$2:$C$169,"<="&F14))/Capacity!$B$5+(SUMIFS($D$2:$D$70,$B$2:$B$70,Capacity!$A$6,$F$2:$F$70,"<="&F14)-SUMIFS('Demand Projection'!$D$2:$D$169,'Demand Projection'!$B$2:$B$169,Capacity!$A$6,'Demand Projection'!$C$2:$C$169,"<="&F14))/Capacity!$B$6+(SUMIFS($D$2:$D$70,$B$2:$B$70,Capacity!$A$7,$F$2:$F$70,"<="&F14)-SUMIFS('Demand Projection'!$D$2:$D$169,'Demand Projection'!$B$2:$B$169,Capacity!$A$7,'Demand Projection'!$C$2:$C$169,"<="&F14))/Capacity!$B$7,2) -> 1.21
A15: 14 | B15: =INDEX(Helper!$B$2:$B$169,MATCH(A15-5,Helper!$K$2:$K$169,0)) -> SKU PROD C | C15: =INDEX(Helper!$C$2:$C$169,MATCH(A15-5,Helper!$K$2:$K$169,0)) -> 46073 | D15: =INDEX(Helper!$I$2:$I$169,MATCH(A15-5,Helper!$K$2:$K$169,0)) -> 1385 | E15: Reorder | F15: =C15+3 -> 46076 | G15: =ROUND((SUMIFS($D$2:$D$70,$B$2:$B$70,Capacity!$A$3,$F$2:$F$70,"<="&F15)-SUMIFS('Demand Projection'!$D$2:$D$169,'Demand Projection'!$B$2:$B$169,Capacity!$A$3,'Demand Projection'!$C$2:$C$169,"<="&F15))/Capacity!$B$3+(SUMIFS($D$2:$D$70,$B$2:$B$70,Capacity!$A$4,$F$2:$F$70,"<="&F15)-SUMIFS('Demand Projection'!$D$2:$D$169,'Demand Projection'!$B$2:$B$169,Capacity!$A$4,'Demand Projection'!$C$2:$C$169,"<="&F15))/Capacity!$B$4+(SUMIFS($D$2:$D$70,$B$2:$B$70,Capacity!$A$5,$F$2:$F$70,"<="&F15)-SUMIFS('Demand Projection'!$D$2:$D$169,'Demand Projection'!$B$2:$B$169,Capacity!$A$5,'Demand Projection'!$C$2:$C$169,"<="&F15))/Capacity!$B$5+(SUMIFS($D$2:$D$70,$B$2:$B$70,Capacity!$A$6,$F$2:$F$70,"<="&F15)-SUMIFS('Demand Projection'!$D$2:$D$169,'Demand Projection'!$B$2:$B$169,Capacity!$A$6,'Demand Projection'!$C$2:$C$169,"<="&F15))/Capacity!$B$6+(SUMIFS($D$2:$D$70,$B$2:$B$70,Capacity!$A$7,$F$2:$F$70,"<="&F15)-SUMIFS('Demand Projection'!$D$2:$D$169,'Demand Projection'!$B$2:$B$169,Capacity!$A$7,'Demand Projection'!$C$2:$C$169,"<="&F15))/Capacity!$B$7,2) -> 1.04
A16: 15 | B16: =INDEX(Helper!$B$2:$B$169,MATCH(A16-5,Helper!$K$2:$K$169,0)) -> SKU PROD D | C16: =INDEX(Helper!$C$2:$C$169,MATCH(A16-5,Helper!$K$2:$K$169,0)) -> 46081 | D16: =INDEX(Helper!$I$2:$I$169,MATCH(A16-5,Helper!$K$2:$K$169,0)) -> 4823 | E16: Reorder | F16: =C16+3 -> 46084 | G16: =ROUND((SUMIFS($D$2:$D$70,$B$2:$B$70,Capacity!$A$3,$F$2:$F$70,"<="&F16)-SUMIFS('Demand Projection'!$D$2:$D$169,'Demand Projection'!$B$2:$B$169,Capacity!$A$3,'Demand Projection'!$C$2:$C$169,"<="&F16))/Capacity!$B$3+(SUMIFS($D$2:$D$70,$B$2:$B$70,Capacity!$A$4,$F$2:$F$70,"<="&F16)-SUMIFS('Demand Projection'!$D$2:$D$169,'Demand Projection'!$B$2:$B$169,Capacity!$A$4,'Demand Projection'!$C$2:$C$169,"<="&F16))/Capacity!$B$4+(SUMIFS($D$2:$D$70,$B$2:$B$70,Capacity!$A$5,$F$2:$F$70,"<="&F16)-SUMIFS('Demand Projection'!$D$2:$D$169,'Demand Projection'!$B$2:$B$169,Capacity!$A$5,'Demand Projection'!$C$2:$C$169,"<="&F16))/Capacity!$B$5+(SUMIFS($D$2:$D$70,$B$2:$B$70,Capacity!$A$6,$F$2:$F$70,"<="&F16)-SUMIFS('Demand Projection'!$D$2:$D$169,'Demand Projection'!$B$2:$B$169,Capacity!$A$6,'Demand Projection'!$C$2:$C$169,"<="&F16))/Capacity!$B$6+(SUMIFS($D$2:$D$70,$B$2:$B$70,Capacity!$A$7,$F$2:$F$70,"<="&F16)-SUMIFS('Demand Projection'!$D$2:$D$169,'Demand Projection'!$B$2:$B$169,Capacity!$A$7,'Demand Projection'!$C$2:$C$169,"<="&F16))/Capacity!$B$7,2) -> 0.81
A17: 16 | B17: =INDEX(Helper!$B$2:$B$169,MATCH(A17-5,Helper!$K$2:$K$169,0)) -> SKU PROD E | C17: =INDEX(Helper!$C$2:$C$169,MATCH(A17-5,Helper!$K$2:$K$169,0)) -> 46081 | D17: =INDEX(Helper!$I$2:$I$169,MATCH(A17-5,Helper!$K$2:$K$169,0)) -> 2570 | E17: Reorder | F17: =C17+3 -> 46084 | G17: =ROUND((SUMIFS($D$2:$D$70,$B$2:$B$70,Capacity!$A$3,$F$2:$F$70,"<="&F17)-SUMIFS('Demand Projection'!$D$2:$D$169,'Demand Projection'!$B$2:$B$169,Capacity!$A$3,'Demand Projection'!$C$2:$C$169,"<="&F17))/Capacity!$B$3+(SUMIFS($D$2:$D$70,$B$2:$B$70,Capacity!$A$4,$F$2:$F$70,"<="&F17)-SUMIFS('Demand Projection'!$D$2:$D$169,'Demand Projection'!$B$2:$B$169,Capacity!$A$4,'Demand Projection'!$C$2:$C$169,"<="&F17))/Capacity!$B$4+(SUMIFS($D$2:$D$70,$B$2:$B$70,Capacity!$A$5,$F$2:$F$70,"<="&F17)-SUMIFS('Demand Projection'!$D$2:$D$169,'Demand Projection'!$B$2:$B$169,Capacity!$A$5,'Demand Projection'!$C$2:$C$169,"<="&F17))/Capacity!$B$5+(SUMIFS($D$2:$D$70,$B$2:$B$70,Capacity!$A$6,$F$2:$F$70,"<="&F17)-SUMIFS('Demand Projection'!$D$2:$D$169,'Demand Projection'!$B$2:$B$169,Capacity!$A$6,'Demand Projection'!$C$2:$C$169,"<="&F17))/Capacity!$B$6+(SUMIFS($D$2:$D$70,$B$2:$B$70,Capacity!$A$7,$F$2:$F$70,"<="&F17)-SUMIFS('Demand Projection'!$D$2:$D$169,'Demand Projection'!$B$2:$B$169,Capacity!$A$7,'Demand Projection'!$C$2:$C$169,"<="&F17))/Capacity!$B$7,2) -> 0.81
A18: 17 | B18: =INDEX(Helper!$B$2:$B$169,MATCH(A18-5,Helper!$K$2:$K$169,0)) -> SKU PROD B | C18: =INDEX(Helper!$C$2:$C$169,MATCH(A18-5,Helper!$K$2:$K$169,0)) -> 46084 | D18: =INDEX(Helper!$I$2:$I$169,MATCH(A18-5,Helper!$K$2:$K$169,0)) -> 6804 | E18: Reorder | F18: =C18+3 -> 46087 | G18: =ROUND((SUMIFS($D$2:$D$70,$B$2:$B$70,Capacity!$A$3,$F$2:$F$70,"<="&F18)-SUMIFS('Demand Projection'!$D$2:$D$169,'Demand Projection'!$B$2:$B$169,Capacity!$A$3,'Demand Projection'!$C$2:$C$169,"<="&F18))/Capacity!$B$3+(SUMIFS($D$2:$D$70,$B$2:$B$70,Capacity!$A$4,$F$2:$F$70,"<="&F18)-SUMIFS('Demand Projection'!$D$2:$D$169,'Demand Projection'!$B$2:$B$169,Capacity!$A$4,'Demand Projection'!$C$2:$C$169,"<="&F18))/Capacity!$B$4+(SUMIFS($D$2:$D$70,$B$2:$B$70,Capacity!$A$5,$F$2:$F$70,"<="&F18)-SUMIFS('Demand Projection'!$D$2:$D$169,'Demand Projection'!$B$2:$B$169,Capacity!$A$5,'Demand Projection'!$C$2:$C$169,"<="&F18))/Capacity!$B$5+(SUMIFS($D$2:$D$70,$B$2:$B$70,Capacity!$A$6,$F$2:$F$70,"<="&F18)-SUMIFS('Demand Projection'!$D$2:$D$169,'Demand Projection'!$B$2:$B$169,Capacity!$A$6,'Demand Projection'!$C$2:$C$169,"<="&F18))/Capacity!$B$6+(SUMIFS($D$2:$D$70,$B$2:$B$70,Capacity!$A$7,$F$2:$F$70,"<="&F18)-SUMIFS('Demand Projection'!$D$2:$D$169,'Demand Projection'!$B$2:$B$169,Capacity!$A$7,'Demand Projection'!$C$2:$C$169,"<="&F18))/Capacity!$B$7,2) -> 0.9
... A70: 69 | B70: =INDEX(Helper!$B$2:$B$169,MATCH(A70-5,Helper!$K$2:$K$169,0)) -> SKU PROD E | C70: =INDEX(Helper!$C$2:$C$169,MATCH(A70-5,Helper!$K$2:$K$169,0)) -> 46384 | D70: =INDEX(Helper!$I$2:$I$169,MATCH(A70-5,Helper!$K$2:$K$169,0)) -> 2671 | E70: Reorder | F70: =C70+3 -> 46387 | G70: =ROUND((SUMIFS($D$2:$D$70,$B$2:$B$70,Capacity!$A$3,$F$2:$F$70,"<="&F70)-SUMIFS('Demand Projection'!$D$2:$D$169,'Demand Projection'!$B$2:$B$169,Capacity!$A$3,'Demand Projection'!$C$2:$C$169,"<="&F70))/Capacity!$B$3+(SUMIFS($D$2:$D$70,$B$2:$B$70,Capacity!$A$4,$F$2:$F$70,"<="&F70)-SUMIFS('Demand Projection'!$D$2:$D$169,'Demand Projection'!$B$2:$B$169,Capacity!$A$4,'Demand Projection'!$C$2:$C$169,"<="&F70))/Capacity!$B$4+(SUMIFS($D$2:$D$70,$B$2:$B$70,Capacity!$A$5,$F$2:$F$70,"<="&F70)-SUMIFS('Demand Projection'!$D$2:$D$169,'Demand Projection'!$B$2:$B$169,Capacity!$A$5,'Demand Projection'!$C$2:$C$169,"<="&F70))/Capacity!$B$5+(SUMIFS($D$2:$D$70,$B$2:$B$70,Capacity!$A$6,$F$2:$F$70,"<="&F70)-SUMIFS('Demand Projection'!$D$2:$D$169,'Demand Projection'!$B$2:$B$169,Capacity!$A$6,'Demand Projection'!$C$2:$C$169,"<="&F70))/Capacity!$B$6+(SUMIFS($D$2:$D$70,$B$2:$B$70,Capacity!$A$7,$F$2:$F$70,"<="&F70)-SUMIFS('Demand Projection'!$D$2:$D$169,'Demand Projection'!$B$2:$B$169,Capacity!$A$7,'Demand Projection'!$C$2:$C$169,"<="&F70))/Capacity!$B$7,2) -> 1.11

Sheet Capacity
A1: Warehouse Capacity | D1: Min/Max Stock Level
A2: Product | B2: Full Unit Capacity | D2: Product | E2: Min | F2: Max
A3: SKU PROD A | B3: 10000 | D3: SKU PROD A | E3: =minifs(Helper!$E$2:$E$169,Helper!$B$2:$B$169,D3) -> 678 | F3: =maxifs(Helper!$E$2:$E$169,Helper!$B$2:$B$169,D3) -> 2632
A4: SKU PROD B | B4: 25000 | D4: SKU PROD B | E4: =minifs(Helper!$E$2:$E$169,Helper!$B$2:$B$169,D4) -> 376 | F4: =maxifs(Helper!$E$2:$E$169,Helper!$B$2:$B$169,D4) -> 6570
A5: SKU PROD C | B5: 15000 | D5: SKU PROD C | E5: =minifs(Helper!$E$2:$E$169,Helper!$B$2:$B$169,D5) -> 358 | F5: =maxifs(Helper!$E$2:$E$169,Helper!$B$2:$B$169,D5) -> 1537
A6: SKU PROD D | B6: 8000 | D6: SKU PROD D | E6: =minifs(Helper!$E$2:$E$169,Helper!$B$2:$B$169,D6) -> 430 | F6: =maxifs(Helper!$E$2:$E$169,Helper!$B$2:$B$169,D6) -> 3532
A7: SKU PROD E | B7: 19500 | D7: SKU PROD E | E7: =minifs(Helper!$E$2:$E$169,Helper!$B$2:$B$169,D7) -> 250 | F7: =maxifs(Helper!$E$2:$E$169,Helper!$B$2:$B$169,D7) -> 2357

Sheet Helper
A1: No | B1: Produk | C1: Tanggal Order | D1: Jumlah | E1: Demand 6 Hari | F1: Total Inbound | G1: Total Outbound | H1: Current Stock | I1: Reorder Qty | J1: Arrival Date | K1: Reorder Index
A2: ='Demand Projection'!A2 -> 1 | B2: ='Demand Projection'!B2 -> SKU PROD A | C2: ='Demand Projection'!C2 -> 46025 | D2: ='Demand Projection'!D2 -> 1000 | E2: =SUMIFS('Demand Projection'!$D$2:$D$169,'Demand Projection'!$B$2:$B$169,B2,'Demand Projection'!$C$2:$C$169,">="&C2,'Demand Projection'!$C$2:$C$169,"<="&C2+5) -> 2400 | F2: 0 | G2: =SUMIFS($D$2:D2,$B$2:B2,B2) -> 1000 | H2: =VLOOKUP(B2,Warehouse!$B$2:$D$6,3,FALSE())+F2-G2 -> 1200 | I2: =IF(H2<VLOOKUP(B2,Capacity!$D$3:$F$7,2,FALSE()),VLOOKUP(B2,Capacity!$D$3:$F$7,3,FALSE())-H2,0) -> 0 | J2: =IF(I2>0,C2+3,"") | K2: =IF(I2>0,1,0) -> 0
A3: ='Demand Projection'!A3 -> 2 | B3: ='Demand Projection'!B3 -> SKU PROD B | C3: ='Demand Projection'!C3 -> 46025 | D3: ='Demand Projection'!D3 -> 6000 | E3: =SUMIFS('Demand Projection'!$D$2:$D$169,'Demand Projection'!$B$2:$B$169,B3,'Demand Projection'!$C$2:$C$169,">="&C3,'Demand Projection'!$C$2:$C$169,"<="&C3+5) -> 6000 | F3: =SUMIFS($I$2:I2,$B$2:B2,B3,$J$2:J2,"<="&C3) -> 0 | G3: =SUMIFS($D$2:D3,$B$2:B3,B3) -> 6000 | H3: =VLOOKUP(B3,Warehouse!$B$2:$D$6,3,FALSE())+F3-G3 -> 2000 | I3: =IF(H3<VLOOKUP(B3,Capacity!$D$3:$F$7,2,FALSE()),VLOOKUP(B3,Capacity!$D$3:$F$7,3,FALSE())-H3,0) -> 0 | J3: =IF(I3>0,C3+3,"") | K3: =IF(I3>0,MAX($K$2:K2)+1,"")
A4: ='Demand Projection'!A4 -> 3 | B4: ='Demand Projection'!B4 -> SKU PROD A | C4: ='Demand Projection'!C4 -> 46026 | D4: ='Demand Projection'!D4 -> 400 | E4: =SUMIFS('Demand Projection'!$D$2:$D$169,'Demand Projection'!$B$2:$B$169,B4,'Demand Projection'!$C$2:$C$169,">="&C4,'Demand Projection'!$C$2:$C$169,"<="&C4+5) -> 1400 | F4: =SUMIFS($I$2:I3,$B$2:B3,B4,$J$2:J3,"<="&C4) -> 0 | G4: =SUMIFS($D$2:D4,$B$2:B4,B4) -> 1400 | H4: =VLOOKUP(B4,Warehouse!$B$2:$D$6,3,FALSE())+F4-G4 -> 800 | I4: =IF(H4<VLOOKUP(B4,Capacity!$D$3:$F$7,2,FALSE()),VLOOKUP(B4,Capacity!$D$3:$F$7,3,FALSE())-H4,0) -> 0 | J4: =IF(I4>0,C4+3,"") | K4: =IF(I4>0,MAX($K$2:K3)+1,"")
A5: ='Demand Projection'!A5 -> 4 | B5: ='Demand Projection'!B5 -> SKU PROD C | C5: ='Demand Projection'!C5 -> 46027 | D5: ='Demand Projection'!D5 -> 900 | E5: =SUMIFS('Demand Projection'!$D$2:$D$169,'Demand Projection'!$B$2:$B$169,B5,'Demand Projection'!$C$2:$C$169,">="&C5,'Demand Projection'!$C$2:$C$169,"<="&C5+5) -> 1400 | F5: =SUMIFS($I$2:I4,$B$2:B4,B5,$J$2:J4,"<="&C5) -> 0 | G5: =SUMIFS($D$2:D5,$B$2:B5,B5) -> 900 | H5: =VLOOKUP(B5,Warehouse!$B$2:$D$6,3,FALSE())+F5-G5 -> 800 | I5: =IF(H5<VLOOKUP(B5,Capacity!$D$3:$F$7,2,FALSE()),VLOOKUP(B5,Capacity!$D$3:$F$7,3,FALSE())-H5,0) -> 0 | J5: =IF(I5>0,C5+3,"") | K5: =IF(I5>0,MAX($K$2:K4)+1,"")
A6: ='Demand Projection'!A6 -> 5 | B6: ='Demand Projection'!B6 -> SKU PROD D | C6: ='Demand Projection'!C6 -> 46028 | D6: ='Demand Projection'!D6 -> 600 | E6: =SUMIFS('Demand Projection'!$D$2:$D$169,'Demand Projection'!$B$2:$B$169,B6,'Demand Projection'!$C$2:$C$169,">="&C6,'Demand Projection'!$C$2:$C$169,"<="&C6+5) -> 600 | F6: =SUMIFS($I$2:I5,$B$2:B5,B6,$J$2:J5,"<="&C6) -> 0 | G6: =SUMIFS($D$2:D6,$B$2:B6,B6) -> 600 | H6: =VLOOKUP(B6,Warehouse!$B$2:$D$6,3,FALSE())+F6-G6 -> 2900 | I6: =IF(H6<VLOOKUP(B6,Capacity!$D$3:$F$7,2,FALSE()),VLOOKUP(B6,Capacity!$D$3:$F$7,3,FALSE())-H6,0) -> 0 | J6: =IF(I6>0,C6+3,"") | K6: =IF(I6>0,MAX($K$2:K5)+1,"")
A7: ='Demand Projection'!A7 -> 6 | B7: ='Demand Projection'!B7 -> SKU PROD A | C7: ='Demand Projection'!C7 -> 46029 | D7: ='Demand Projection'!D7 -> 1000 | E7: =SUMIFS('Demand Projection'!$D$2:$D$169,'Demand Projection'!$B$2:$B$169,B7,'Demand Projection'!$C$2:$C$169,">="&C7,'Demand Projection'!$C$2:$C$169,"<="&C7+5) -> 1000 | F7: =SUMIFS($I$2:I6,$B$2:B6,B7,$J$2:J6,"<="&C7) -> 0 | G7: =SUMIFS($D$2:D7,$B$2:B7,B7) -> 2400 | H7: =VLOOKUP(B7,Warehouse!$B$2:$D$6,3,FALSE())+F7-G7 -> -200 | I7: =IF(H7<VLOOKUP(B7,Capacity!$D$3:$F$7,2,FALSE()),VLOOKUP(B7,Capacity!$D$3:$F$7,3,FALSE())-H7,0) -> 2832 | J7: =IF(I7>0,C7+3,"") -> 46032 | K7: =IF(I7>0,MAX($K$2:K6)+1,"") -> 1
A8: ='Demand Projection'!A8 -> 7 | B8: ='Demand Projection'!B8 -> SKU PROD C | C8: ='Demand Projection'!C8 -> 46031 | D8: ='Demand Projection'!D8 -> 500 | E8: =SUMIFS('Demand Projection'!$D$2:$D$169,'Demand Projection'!$B$2:$B$169,B8,'Demand Projection'!$C$2:$C$169,">="&C8,'Demand Projection'!$C$2:$C$169,"<="&C8+5) -> 500 | F8: =SUMIFS($I$2:I7,$B$2:B7,B8,$J$2:J7,"<="&C8) -> 0 | G8: =SUMIFS($D$2:D8,$B$2:B8,B8) -> 1400 | H8: =VLOOKUP(B8,Warehouse!$B$2:$D$6,3,FALSE())+F8-G8 -> 300 | I8: =IF(H8<VLOOKUP(B8,Capacity!$D$3:$F$7,2,FALSE()),VLOOKUP(B8,Capacity!$D$3:$F$7,3,FALSE())-H8,0) -> 1237 | J8: =IF(I8>0,C8+3,"") -> 46034 | K8: =IF(I8>0,MAX($K$2:K7)+1,"") -> 2
A9: ='Demand Projection'!A9 -> 8 | B9: ='Demand Projection'!B9 -> SKU PROD E | C9: ='Demand Projection'!C9 -> 46034 | D9: ='Demand Projection'!D9 -> 400 | E9: =SUMIFS('Demand Projection'!$D$2:$D$169,'Demand Projection'!$B$2:$B$169,B9,'Demand Projection'!$C$2:$C$169,">="&C9,'Demand Projection'!$C$2:$C$169,"<="&C9+5) -> 400 | F9: =SUMIFS($I$2:I8,$B$2:B8,B9,$J$2:J8,"<="&C9) -> 0 | G9: =SUMIFS($D$2:D9,$B$2:B9,B9) -> 400 | H9: =VLOOKUP(B9,Warehouse!$B$2:$D$6,3,FALSE())+F9-G9 -> 1900 | I9: =IF(H9<VLOOKUP(B9,Capacity!$D$3:$F$7,2,FALSE()),VLOOKUP(B9,Capacity!$D$3:$F$7,3,FALSE())-H9,0) -> 0 | J9: =IF(I9>0,C9+3,"") | K9: =IF(I9>0,MAX($K$2:K8)+1,"")
A10: ='Demand Projection'!A10 -> 9 | B10: ='Demand Projection'!B10 -> SKU PROD B | C10: ='Demand Projection'!C10 -> 46035 | D10: ='Demand Projection'!D10 -> 600 | E10: =SUMIFS('Demand Projection'!$D$2:$D$169,'Demand Projection'!$B$2:$B$169,B10,'Demand Projection'!$C$2:$C$169,">="&C10,'Demand Projection'!$C$2:$C$169,"<="&C10+5) -> 600 | F10: =SUMIFS($I$2:I9,$B$2:B9,B10,$J$2:J9,"<="&C10) -> 0 | G10: =SUMIFS($D$2:D10,$B$2:B10,B10) -> 6600 | H10: =VLOOKUP(B10,Warehouse!$B$2:$D$6,3,FALSE())+F10-G10 -> 1400 | I10: =IF(H10<VLOOKUP(B10,Capacity!$D$3:$F$7,2,FALSE()),VLOOKUP(B10,Capacity!$D$3:$F$7,3,FALSE())-H10,0) -> 0 | J10: =IF(I10>0,C10+3,"") | K10: =IF(I10>0,MAX($K$2:K9)+1,"")
A11: ='Demand Projection'!A11 -> 10 | B11: ='Demand Projection'!B11 -> SKU PROD D | C11: ='Demand Projection'!C11 -> 46039 | D11: ='Demand Projection'!D11 -> 900 | E11: =SUMIFS('Demand Projection'!$D$2:$D$169,'Demand Projection'!$B$2:$B$169,B11,'Demand Projection'!$C$2:$C$169,">="&C11,'Demand Projection'!$C$2:$C$169,"<="&C11+5) -> 900 | F11: =SUMIFS($I$2:I10,$B$2:B10,B11,$J$2:J10,"<="&C11) -> 0 | G11: =SUMIFS($D$2:D11,$B$2:B11,B11) -> 1500 | H11: =VLOOKUP(B11,Warehouse!$B$2:$D$6,3,FALSE())+F11-G11 -> 2000 | I11: =IF(H11<VLOOKUP(B11,Capacity!$D$3:$F$7,2,FALSE()),VLOOKUP(B11,Capacity!$D$3:$F$7,3,FALSE())-H11,0) -> 0 | J11: =IF(I11>0,C11+3,"") | K11: =IF(I11>0,MAX($K$2:K10)+1,"")
A12: ='Demand Projection'!A12 -> 11 | B12: ='Demand Projection'!B12 -> SKU PROD C | C12: ='Demand Projection'!C12 -> 46042 | D12: ='Demand Projection'!D12 -> 800 | E12: =SUMIFS('Demand Projection'!$D$2:$D$169,'Demand Projection'!$B$2:$B$169,B12,'Demand Projection'!$C$2:$C$169,">="&C12,'Demand Projection'!$C$2:$C$169,"<="&C12+5) -> 800 | F12: =SUMIFS($I$2:I11,$B$2:B11,B12,$J$2:J11,"<="&C12) -> 1237 | G12: =SUMIFS($D$2:D12,$B$2:B12,B12) -> 2200 | H12: =VLOOKUP(B12,Warehouse!$B$2:$D$6,3,FALSE())+F12-G12 -> 737 | I12: =IF(H12<VLOOKUP(B12,Capacity!$D$3:$F$7,2,FALSE()),VLOOKUP(B12,Capacity!$D$3:$F$7,3,FALSE())-H12,0) -> 0 | J12: =IF(I12>0,C12+3,"") | K12: =IF(I12>0,MAX($K$2:K11)+1,"")
A13: ='Demand Projection'!A13 -> 12 | B13: ='Demand Projection'!B13 -> SKU PROD A | C13: ='Demand Projection'!C13 -> 46046 | D13: ='Demand Projection'!D13 -> 1000 | E13: =SUMIFS('Demand Projection'!$D$2:$D$169,'Demand Projection'!$B$2:$B$169,B13,'Demand Projection'!$C$2:$C$169,">="&C13,'Demand Projection'!$C$2:$C$169,"<="&C13+5) -> 1000 | F13: =SUMIFS($I$2:I12,$B$2:B12,B13,$J$2:J12,"<="&C13) -> 2832 | G13: =SUMIFS($D$2:D13,$B$2:B13,B13) -> 3400 | H13: =VLOOKUP(B13,Warehouse!$B$2:$D$6,3,FALSE())+F13-G13 -> 1632 | I13: =IF(H13<VLOOKUP(B13,Capacity!$D$3:$F$7,2,FALSE()),VLOOKUP(B13,Capacity!$D$3:$F$7,3,FALSE())-H13,0) -> 0 | J13: =IF(I13>0,C13+3,"") | K13: =IF(I13>0,MAX($K$2:K12)+1,"")
A14: ='Demand Projection'!A14 -> 13 | B14: ='Demand Projection'!B14 -> SKU PROD D | C14: ='Demand Projection'!C14 -> 46050 | D14: ='Demand Projection'!D14 -> 3000 | E14: =SUMIFS('Demand Projection'!$D$2:$D$169,'Demand Projection'!$B$2:$B$169,B14,'Demand Projection'!$C$2:$C$169,">="&C14,'Demand Projection'!$C$2:$C$169,"<="&C14+5) -> 3000 | F14: =SUMIFS($I$2:I13,$B$2:B13,B14,$J$2:J13,"<="&C14) -> 0 | G14: =SUMIFS($D$2:D14,$B$2:B14,B14) -> 4500 | H14: =VLOOKUP(B14,Warehouse!$B$2:$D$6,3,FALSE())+F14-G14 -> -1000 | I14: =IF(H14<VLOOKUP(B14,Capacity!$D$3:$F$7,2,FALSE()),VLOOKUP(B14,Capacity!$D$3:$F$7,3,FALSE())-H14,0) -> 4532 | J14: =IF(I14>0,C14+3,"") -> 46053 | K14: =IF(I14>0,MAX($K$2:K13)+1,"") -> 3
... A169: ='Demand Projection'!A169 -> 168 | B169: ='Demand Projection'!B169 -> SKU PROD E | C169: ='Demand Projection'!C169 -> 46384 | D169: ='Demand Projection'!D169 -> 2357 | E169: =SUMIFS('Demand Projection'!$D$2:$D$169,'Demand Projection'!$B$2:$B$169,B169,'Demand Projection'!$C$2:$C$169,">="&C169,'Demand Projection'!$C$2:$C$169,"<="&C169+5) -> 2357 | F169: =SUMIFS($I$2:I168,$B$2:B168,B169,$J$2:J168,"<="&C169) -> 26786 | G169: =SUMIFS($D$2:D169,$B$2:B169,B169) -> 29400 | H169: =VLOOKUP(B169,Warehouse!$B$2:$D$6,3,FALSE())+F169-G169 -> -314 | I169: =IF(H169<VLOOKUP(B169,Capacity!$D$3:$F$7,2,FALSE()),VLOOKUP(B169,Capacity!$D$3:$F$7,3,FALSE())-H169,0) -> 2671 | J169: =IF(I169>0,C169+3,"") -> 46387 | K169: =IF(I169>0,MAX($K$2:K168)+1,"") -> 64
